{
  "merge_metrics": {
    "zero_shot": {
      "diff_only": {
        "n_samples": 200,
        "n_yes": 174,
        "n_no": 24,
        "n_unknown": 2,
        "accuracy": 0.5,
        "precision": 0.4482758620689655,
        "recall": 0.9512195121951219,
        "f1": 0.609375,
        "roc_auc": 0.5684167011161637
      },
      "diff_pr_desc": {
        "n_samples": 200,
        "n_yes": 194,
        "n_no": 6,
        "n_unknown": 0,
        "accuracy": 0.44,
        "precision": 0.422680412371134,
        "recall": 1.0,
        "f1": 0.5942028985507246,
        "roc_auc": 0.5254237288135593
      },
      "diff_commit": {
        "n_samples": 200,
        "n_yes": 192,
        "n_no": 8,
        "n_unknown": 0,
        "accuracy": 0.45,
        "precision": 0.4270833333333333,
        "recall": 1.0,
        "f1": 0.5985401459854015,
        "roc_auc": 0.5338983050847458
      },
      "diff_extra": {
        "n_samples": 200,
        "n_yes": 82,
        "n_no": 118,
        "n_unknown": 0,
        "accuracy": 0.76,
        "precision": 0.7073170731707317,
        "recall": 0.7073170731707317,
        "f1": 0.7073170731707317,
        "roc_auc": 0.7519636213311286
      }
    },
    "few_shot": {
      "diff_only": {
        "n_samples": 200,
        "n_yes": 176,
        "n_no": 24,
        "n_unknown": 0,
        "accuracy": 0.49,
        "precision": 0.4431818181818182,
        "recall": 0.9512195121951219,
        "f1": 0.6046511627906976,
        "roc_auc": 0.5603555188094254
      },
      "diff_pr_desc": {
        "n_samples": 200,
        "n_yes": 178,
        "n_no": 22,
        "n_unknown": 0,
        "accuracy": 0.44,
        "precision": 0.4157303370786517,
        "recall": 0.9024390243902439,
        "f1": 0.5692307692307692,
        "roc_auc": 0.5105415460934271
      },
      "diff_commit": {
        "n_samples": 200,
        "n_yes": 178,
        "n_no": 22,
        "n_unknown": 0,
        "accuracy": 0.44,
        "precision": 0.4157303370786517,
        "recall": 0.9024390243902439,
        "f1": 0.5692307692307692,
        "roc_auc": 0.5105415460934271
      },
      "diff_extra": {
        "n_samples": 200,
        "n_yes": 96,
        "n_no": 104,
        "n_unknown": 0,
        "accuracy": 0.59,
        "precision": 0.5,
        "recall": 0.5853658536585366,
        "f1": 0.5393258426966292,
        "roc_auc": 0.5892930963207937
      }
    },
    "cot": {
      "diff_only": {
        "n_samples": 113,
        "n_yes": 29,
        "n_no": 75,
        "n_unknown": 9,
        "accuracy": 0.4778761061946903,
        "precision": 0.2413793103448276,
        "recall": 0.1590909090909091,
        "f1": 0.1917808219178082,
        "roc_auc": 0.43445322793148883
      },
      "diff_pr_desc": {
        "n_samples": 113,
        "n_yes": 37,
        "n_no": 68,
        "n_unknown": 8,
        "accuracy": 0.4424778761061947,
        "precision": 0.24324324324324326,
        "recall": 0.20454545454545456,
        "f1": 0.2222222222222222,
        "roc_auc": 0.3782938076416338
      },
      "diff_commit": {
        "n_samples": 112,
        "n_yes": 45,
        "n_no": 62,
        "n_unknown": 5,
        "accuracy": 0.38392857142857145,
        "precision": 0.2222222222222222,
        "recall": 0.22727272727272727,
        "f1": 0.2247191011235955,
        "roc_auc": 0.3614639037433155
      },
      "diff_extra": {
        "n_samples": 112,
        "n_yes": 23,
        "n_no": 82,
        "n_unknown": 7,
        "accuracy": 0.5625,
        "precision": 0.391304347826087,
        "recall": 0.20454545454545456,
        "f1": 0.26865671641791045,
        "roc_auc": 0.5178810160427807
      }
    },
    "role_based": {
      "diff_only": {
        "n_samples": 100,
        "n_yes": 35,
        "n_no": 46,
        "n_unknown": 19,
        "accuracy": 0.44,
        "precision": 0.2857142857142857,
        "recall": 0.24390243902439024,
        "f1": 0.2631578947368421,
        "roc_auc": 0.39582472095907395
      },
      "diff_pr_desc": {
        "n_samples": 100,
        "n_yes": 30,
        "n_no": 46,
        "n_unknown": 24,
        "accuracy": 0.45,
        "precision": 0.26666666666666666,
        "recall": 0.1951219512195122,
        "f1": 0.22535211267605634,
        "roc_auc": 0.3486978090119884
      },
      "diff_commit": {
        "n_samples": 100,
        "n_yes": 39,
        "n_no": 43,
        "n_unknown": 18,
        "accuracy": 0.38,
        "precision": 0.23076923076923078,
        "recall": 0.21951219512195122,
        "f1": 0.225,
        "roc_auc": 0.34993799090533273
      },
      "diff_extra": {
        "n_samples": 100,
        "n_yes": 17,
        "n_no": 56,
        "n_unknown": 27,
        "accuracy": 0.52,
        "precision": 0.29411764705882354,
        "recall": 0.12195121951219512,
        "f1": 0.1724137931034483,
        "roc_auc": 0.5328648201736254
      }
    }
  },
  "review_metrics": {
    "zero_shot": {
      "diff_only": {
        "n_samples": 100,
        "n_with_gt": 0,
        "bleu_avg": 0.0,
        "rouge_l_avg": 0.0
      },
      "diff_pr_desc": {
        "n_samples": 100,
        "n_with_gt": 0,
        "bleu_avg": 0.0,
        "rouge_l_avg": 0.0
      },
      "diff_commit": {
        "n_samples": 100,
        "n_with_gt": 0,
        "bleu_avg": 0.0,
        "rouge_l_avg": 0.0
      },
      "diff_extra": {
        "n_samples": 100,
        "n_with_gt": 0,
        "bleu_avg": 0.0,
        "rouge_l_avg": 0.0
      }
    },
    "few_shot": {
      "diff_only": {
        "n_samples": 100,
        "n_with_gt": 0,
        "bleu_avg": 0.0,
        "rouge_l_avg": 0.0
      },
      "diff_pr_desc": {
        "n_samples": 100,
        "n_with_gt": 0,
        "bleu_avg": 0.0,
        "rouge_l_avg": 0.0
      },
      "diff_commit": {
        "n_samples": 100,
        "n_with_gt": 0,
        "bleu_avg": 0.0,
        "rouge_l_avg": 0.0
      },
      "diff_extra": {
        "n_samples": 100,
        "n_with_gt": 0,
        "bleu_avg": 0.0,
        "rouge_l_avg": 0.0
      }
    },
    "cot": {
      "diff_only": {
        "n_samples": 100,
        "n_with_gt": 0,
        "bleu_avg": 0.0,
        "rouge_l_avg": 0.0
      },
      "diff_pr_desc": {
        "n_samples": 100,
        "n_with_gt": 0,
        "bleu_avg": 0.0,
        "rouge_l_avg": 0.0
      },
      "diff_commit": {
        "n_samples": 100,
        "n_with_gt": 0,
        "bleu_avg": 0.0,
        "rouge_l_avg": 0.0
      },
      "diff_extra": {
        "n_samples": 100,
        "n_with_gt": 0,
        "bleu_avg": 0.0,
        "rouge_l_avg": 0.0
      }
    },
    "role_based": {
      "diff_only": {
        "n_samples": 100,
        "n_with_gt": 0,
        "bleu_avg": 0.0,
        "rouge_l_avg": 0.0
      },
      "diff_pr_desc": {
        "n_samples": 100,
        "n_with_gt": 0,
        "bleu_avg": 0.0,
        "rouge_l_avg": 0.0
      },
      "diff_commit": {
        "n_samples": 100,
        "n_with_gt": 0,
        "bleu_avg": 0.0,
        "rouge_l_avg": 0.0
      },
      "diff_extra": {
        "n_samples": 100,
        "n_with_gt": 0,
        "bleu_avg": 0.0,
        "rouge_l_avg": 0.0
      }
    }
  }
}