{
  "merge_metrics": {
    "zero_shot": {
      "diff_only": {
        "n_samples": 198,
        "n_yes": 174,
        "n_no": 24,
        "n_unknown": 2,
        "accuracy": 0.494949494949495,
        "precision": 0.4482758620689655,
        "recall": 0.9512195121951219,
        "f1": 0.609375,
        "roc_auc": 0.561816652649285
      },
      "diff_pr_desc": {
        "n_samples": 200,
        "n_yes": 194,
        "n_no": 6,
        "n_unknown": 0,
        "accuracy": 0.44,
        "precision": 0.422680412371134,
        "recall": 1.0,
        "f1": 0.5942028985507246,
        "roc_auc": 0.5254237288135593
      },
      "diff_commit": {
        "n_samples": 200,
        "n_yes": 192,
        "n_no": 8,
        "n_unknown": 0,
        "accuracy": 0.45,
        "precision": 0.4270833333333333,
        "recall": 1.0,
        "f1": 0.5985401459854015,
        "roc_auc": 0.5338983050847458
      },
      "diff_extra": {
        "n_samples": 200,
        "n_yes": 82,
        "n_no": 118,
        "n_unknown": 0,
        "accuracy": 0.76,
        "precision": 0.7073170731707317,
        "recall": 0.7073170731707317,
        "f1": 0.7073170731707317,
        "roc_auc": 0.7519636213311286
      }
    },
    "few_shot": {
      "diff_only": {
        "n_samples": 200,
        "n_yes": 176,
        "n_no": 24,
        "n_unknown": 0,
        "accuracy": 0.49,
        "precision": 0.4431818181818182,
        "recall": 0.9512195121951219,
        "f1": 0.6046511627906976,
        "roc_auc": 0.5603555188094254
      },
      "diff_pr_desc": {
        "n_samples": 200,
        "n_yes": 178,
        "n_no": 22,
        "n_unknown": 0,
        "accuracy": 0.44,
        "precision": 0.4157303370786517,
        "recall": 0.9024390243902439,
        "f1": 0.5692307692307692,
        "roc_auc": 0.5105415460934271
      },
      "diff_commit": {
        "n_samples": 200,
        "n_yes": 178,
        "n_no": 22,
        "n_unknown": 0,
        "accuracy": 0.44,
        "precision": 0.4157303370786517,
        "recall": 0.9024390243902439,
        "f1": 0.5692307692307692,
        "roc_auc": 0.5105415460934271
      },
      "diff_extra": {
        "n_samples": 200,
        "n_yes": 96,
        "n_no": 104,
        "n_unknown": 0,
        "accuracy": 0.59,
        "precision": 0.5,
        "recall": 0.5853658536585366,
        "f1": 0.5393258426966292,
        "roc_auc": 0.5892930963207937
      }
    },
    "cot": {
      "diff_only": {
        "n_samples": 184,
        "n_yes": 56,
        "n_no": 128,
        "n_unknown": 16,
        "accuracy": 0.45652173913043476,
        "precision": 0.25,
        "recall": 0.19444444444444445,
        "f1": 0.21875,
        "roc_auc": 0.4097222222222222
      },
      "diff_pr_desc": {
        "n_samples": 186,
        "n_yes": 68,
        "n_no": 118,
        "n_unknown": 14,
        "accuracy": 0.40860215053763443,
        "precision": 0.2647058823529412,
        "recall": 0.23076923076923078,
        "f1": 0.2465753424657534,
        "roc_auc": 0.3839031339031339
      },
      "diff_commit": {
        "n_samples": 190,
        "n_yes": 80,
        "n_no": 110,
        "n_unknown": 10,
        "accuracy": 0.3894736842105263,
        "precision": 0.25,
        "recall": 0.2631578947368421,
        "f1": 0.2564102564102564,
        "roc_auc": 0.3684210526315789
      },
      "diff_extra": {
        "n_samples": 186,
        "n_yes": 46,
        "n_no": 140,
        "n_unknown": 14,
        "accuracy": 0.5483870967741935,
        "precision": 0.391304347826087,
        "recall": 0.24324324324324326,
        "f1": 0.3,
        "roc_auc": 0.49662162162162166
      }
    },
    "role_based": {
      "diff_only": {
        "n_samples": 162,
        "n_yes": 70,
        "n_no": 92,
        "n_unknown": 38,
        "accuracy": 0.4074074074074074,
        "precision": 0.2857142857142857,
        "recall": 0.30303030303030304,
        "f1": 0.29411764705882354,
        "roc_auc": 0.39109848484848486
      },
      "diff_pr_desc": {
        "n_samples": 152,
        "n_yes": 60,
        "n_no": 92,
        "n_unknown": 48,
        "accuracy": 0.3684210526315789,
        "precision": 0.26666666666666666,
        "recall": 0.23529411764705882,
        "f1": 0.25,
        "roc_auc": 0.3557422969187675
      },
      "diff_commit": {
        "n_samples": 164,
        "n_yes": 78,
        "n_no": 86,
        "n_unknown": 36,
        "accuracy": 0.35365853658536583,
        "precision": 0.23076923076923078,
        "recall": 0.28125,
        "f1": 0.2535211267605634,
        "roc_auc": 0.340625
      },
      "diff_extra": {
        "n_samples": 146,
        "n_yes": 34,
        "n_no": 112,
        "n_unknown": 54,
        "accuracy": 0.5616438356164384,
        "precision": 0.29411764705882354,
        "recall": 0.2,
        "f1": 0.23809523809523808,
        "roc_auc": 0.475
      }
    }
  },
  "review_metrics": {
    "zero_shot": {
      "diff_only": {
        "n_samples": 200,
        "n_with_gt": 0,
        "bleu_avg": 0.0,
        "rouge_l_avg": 0.0
      },
      "diff_pr_desc": {
        "n_samples": 200,
        "n_with_gt": 0,
        "bleu_avg": 0.0,
        "rouge_l_avg": 0.0
      },
      "diff_commit": {
        "n_samples": 200,
        "n_with_gt": 0,
        "bleu_avg": 0.0,
        "rouge_l_avg": 0.0
      },
      "diff_extra": {
        "n_samples": 200,
        "n_with_gt": 0,
        "bleu_avg": 0.0,
        "rouge_l_avg": 0.0
      }
    },
    "few_shot": {
      "diff_only": {
        "n_samples": 200,
        "n_with_gt": 0,
        "bleu_avg": 0.0,
        "rouge_l_avg": 0.0
      },
      "diff_pr_desc": {
        "n_samples": 200,
        "n_with_gt": 0,
        "bleu_avg": 0.0,
        "rouge_l_avg": 0.0
      },
      "diff_commit": {
        "n_samples": 200,
        "n_with_gt": 0,
        "bleu_avg": 0.0,
        "rouge_l_avg": 0.0
      },
      "diff_extra": {
        "n_samples": 200,
        "n_with_gt": 0,
        "bleu_avg": 0.0,
        "rouge_l_avg": 0.0
      }
    },
    "cot": {
      "diff_only": {
        "n_samples": 200,
        "n_with_gt": 0,
        "bleu_avg": 0.0,
        "rouge_l_avg": 0.0
      },
      "diff_pr_desc": {
        "n_samples": 200,
        "n_with_gt": 0,
        "bleu_avg": 0.0,
        "rouge_l_avg": 0.0
      },
      "diff_commit": {
        "n_samples": 200,
        "n_with_gt": 0,
        "bleu_avg": 0.0,
        "rouge_l_avg": 0.0
      },
      "diff_extra": {
        "n_samples": 200,
        "n_with_gt": 0,
        "bleu_avg": 0.0,
        "rouge_l_avg": 0.0
      }
    },
    "role_based": {
      "diff_only": {
        "n_samples": 200,
        "n_with_gt": 0,
        "bleu_avg": 0.0,
        "rouge_l_avg": 0.0
      },
      "diff_pr_desc": {
        "n_samples": 200,
        "n_with_gt": 0,
        "bleu_avg": 0.0,
        "rouge_l_avg": 0.0
      },
      "diff_commit": {
        "n_samples": 200,
        "n_with_gt": 0,
        "bleu_avg": 0.0,
        "rouge_l_avg": 0.0
      },
      "diff_extra": {
        "n_samples": 200,
        "n_with_gt": 0,
        "bleu_avg": 0.0,
        "rouge_l_avg": 0.0
      }
    }
  }
}