{
  "n_samples": 344,
  "n_merged": 143,
  "n_not_merged": 201,
  "model": "CodeBERT",
  "metrics": {
    "accuracy": 0.5494186046511628,
    "precision": 0.47540983606557374,
    "recall": 0.8111888111888111,
    "f1": 0.599483204134367,
    "roc_auc": 0.6638485892217235
  },
  "human_baseline": {}
}