{
  "n_samples": 312,
  "n_merged": 133,
  "n_not_merged": 179,
  "models": {
    "SVM": {
      "accuracy": 0.8333333333333334,
      "precision": 0.7612903225806451,
      "recall": 0.8872180451127819,
      "f1": 0.8194444444444444,
      "roc_auc": 0.8958709623220061
    },
    "Random Forest": {
      "accuracy": 0.7083333333333334,
      "precision": 0.8387096774193549,
      "recall": 0.39097744360902253,
      "f1": 0.5333333333333333,
      "roc_auc": 0.887260049565254
    },
    "MLP": {
      "accuracy": 0.657051282051282,
      "precision": 0.76,
      "recall": 0.2857142857142857,
      "f1": 0.41530054644808745,
      "roc_auc": 0.8083336833704372
    }
  },
  "human_baseline": {
    "SVM": {
      "accuracy": 0.7285714285714285,
      "precision": 0.5454545454545454,
      "recall": 0.5714285714285714,
      "f1": 0.5581395348837209,
      "roc_auc": 0.7531584062196306
    },
    "Random Forest": {
      "accuracy": 0.0,
      "precision": 0.0,
      "recall": 0.0,
      "f1": 0.0,
      "roc_auc": 0.0
    },
    "MLP": {
      "accuracy": 0.7714285714285715,
      "precision": 0.8571428571428571,
      "recall": 0.2857142857142857,
      "f1": 0.42857142857142855,
      "roc_auc": 0.7551020408163266
    }
  }
}